%time,field0,field1
1653386137521365082,1915.0,100.0
1653386137613596847,1914.0,100.0
1653386137677674110,1914.0,100.0
1653386137772790060,1914.0,100.0
1653386137837258943,1914.0,100.0
1653386137936045302,1914.0,100.0
1653386138017101064,1914.0,100.0
1653386138094764000,1914.0,100.0
1653386138177107573,1914.0,100.0
1653386138255957979,1913.0,100.0
1653386138333782083,1913.0,100.0
1653386138416185795,1913.0,100.0
1653386138495623819,1913.0,100.0
1653386138593217547,1913.0,100.0
1653386138658191855,1913.0,100.0
1653386138753860408,1913.0,100.0
1653386138883096426,1914.0,100.0
1653386138943156283,1914.0,100.0
1653386139040878285,1914.0,100.0
1653386139171705787,1915.0,100.0
1653386139295485774,1915.0,100.0
1653386139360449407,1915.0,100.0
1653386139453761033,1916.0,100.0
1653386139533705561,1916.0,100.0
1653386139615538370,1916.0,100.0
1653386139682192546,1916.0,100.0
1653386139776070526,1916.0,100.0
1653386139856948523,1916.0,100.0
1653386139934189018,1916.0,100.0
1653386140013134276,1916.0,100.0
1653386140114152227,1916.0,100.0
1653386140226238598,1916.0,100.0
1653386140306309733,1916.0,100.0
1653386140402521340,1917.0,100.0
1653386140511931024,1917.0,100.0
1653386140595002863,1917.0,100.0
1653386140690695480,1918.0,100.0
1653386140753894973,1918.0,100.0
1653386140851611059,1918.0,100.0
1653386140912451331,1918.0,100.0
1653386141007823299,1919.0,100.0
1653386141089074208,1919.0,100.0
1653386141168924406,1919.0,100.0
1653386141251046217,1919.0,100.0
1653386141328980413,1921.0,100.0
1653386141407796561,1921.0,100.0
1653386141489605051,1921.0,100.0
1653386141567707266,1921.0,100.0
1653386141662754934,1924.0,100.0
1653386141742708206,1924.0,100.0
1653386141823871295,1924.0,100.0
1653386141902989223,1924.0,100.0
1653386141987043263,1926.0,100.0
1653386142063926008,1926.0,100.0
1653386142145202307,1926.0,100.0
1653386142227148137,1926.0,100.0
1653386142322655700,1928.0,100.0
1653386142384529972,1928.0,100.0
1653386142482940618,1928.0,100.0
1653386142547815444,1928.0,100.0
1653386142642680752,1930.0,100.0
1653386142721403941,1930.0,100.0
1653386142803152729,1930.0,100.0
1653386142882964332,1930.0,100.0
1653386142977631566,1931.0,100.0
1653386143045363887,1931.0,100.0
1653386143136424198,1931.0,100.0
1653386143204586940,1931.0,100.0
1653386143301121761,1945.0,100.0
1653386143376652279,1945.0,100.0
1653386143457899212,1945.0,100.0
1653386143525319802,1945.0,100.0
1653386143616715757,1943.0,100.0
1653386143698646438,1943.0,100.0
1653386143780862351,1943.0,100.0
1653386143856909376,1943.0,100.0
1653386143952155092,1941.0,100.0
1653386144020552604,1941.0,100.0
1653386144113723377,1941.0,100.0
1653386144181250805,1941.0,100.0
1653386144273364909,1938.0,100.0
1653386144338006186,1938.0,100.0
1653386144434218299,1938.0,100.0
1653386144501481774,1938.0,100.0
1653386144596362663,1935.0,100.0
1653386144673013326,1935.0,100.0
1653386144754457311,1935.0,100.0
1653386144837051511,1935.0,100.0
1653386144931807386,1930.0,100.0
1653386144995153292,1930.0,100.0
1653386145092598692,1930.0,100.0
1653386145153323522,1930.0,100.0
1653386145250595434,1926.0,100.0
1653386145329254639,1926.0,100.0
1653386145418446867,1926.0,100.0
1653386145492822628,1926.0,100.0
1653386145569827716,1927.0,100.0
1653386145637564444,1927.0,100.0
1653386145731705496,1927.0,100.0
1653386145811814987,1927.0,100.0
1653386145911452251,1920.0,100.0
1653386145973855024,1920.0,100.0
1653386146065967524,1920.0,100.0
1653386146128942045,1920.0,100.0
1653386146227021839,1912.0,100.0
1653386146308924627,1912.0,100.0
1653386146388247649,1912.0,100.0
1653386146453838006,1912.0,100.0
1653386146545743684,1904.0,100.0
1653386146627735506,1904.0,100.0
1653386146706472948,1904.0,100.0
1653386146787125688,1904.0,100.0
1653386146885273257,1894.0,100.0
1653386146946972608,1894.0,100.0
1653386147045263926,1894.0,100.0
1653386147109302814,1894.0,100.0
1653386147202824263,1883.0,100.0
1653386147284135689,1883.0,100.0
1653386147362867273,1883.0,100.0
1653386147443205896,1883.0,100.0
1653386147526949485,1871.0,100.0
1653386147601560560,1871.0,100.0
1653386147686401400,1871.0,100.0
1653386147762602051,1871.0,100.0
1653386147862819861,1867.0,100.0
1653386147923773613,1867.0,100.0
1653386148020155432,1867.0,100.0
1653386148089065027,1867.0,100.0
1653386148182864237,1869.0,100.0
1653386148261147307,1869.0,100.0
1653386148340137016,1869.0,100.0
1653386148422563506,1869.0,100.0
1653386148501463039,1852.0,100.0
1653386148581735030,1852.0,100.0
1653386148661567619,1852.0,100.0
1653386148743736617,1852.0,100.0
1653386148838094161,1835.0,100.0
1653386148900940821,1835.0,100.0
1653386148995292072,1835.0,100.0
1653386149063624346,1835.0,100.0
1653386149157619344,1817.0,100.0
1653386149238230199,1817.0,100.0
1653386149317078352,1817.0,100.0
1653386149396775274,1817.0,100.0
1653386149476348472,1799.0,100.0
1653386149557354922,1799.0,100.0
1653386149640235873,1799.0,100.0
1653386149719643612,1799.0,100.0
1653386149814691701,1770.0,100.0
1653386149877295510,1770.0,100.0
1653386149973693731,1770.0,100.0
1653386150039611512,1770.0,100.0
1653386150134847393,1751.0,100.0
1653386150213678055,1751.0,100.0
1653386150292600525,1751.0,100.0
1653386150374865576,1751.0,100.0
1653386150453994007,1732.0,100.0
1653386150534312872,1732.0,100.0
1653386150617157821,1732.0,100.0
1653386150690950094,1732.0,100.0
1653386150790104995,1711.0,100.0
1653386150854557018,1711.0,100.0
1653386150951913534,1711.0,100.0
1653386151014365651,1711.0,100.0
1653386151107300018,1690.0,100.0
1653386151187766783,1690.0,100.0
1653386151271161427,1690.0,100.0
1653386151349322014,1690.0,100.0
1653386151448375711,1669.0,100.0
1653386151557056813,1669.0,100.0
1653386151637050121,1669.0,100.0
1653386151734295916,1646.0,100.0
1653386151845541589,1646.0,100.0
1653386151925335661,1646.0,100.0
1653386152023054831,1618.0,100.0
1653386152086395618,1618.0,100.0
1653386152182906960,1618.0,100.0
1653386152249308498,1618.0,100.0
1653386152344388237,1595.0,100.0
1653386152422417832,1595.0,100.0
1653386152501497223,1595.0,100.0
1653386152582289367,1595.0,100.0
1653386152662960322,1571.0,100.0
1653386152745190715,1571.0,100.0
1653386152822998221,1571.0,100.0
1653386152901646998,1571.0,100.0
1653386152996636531,1547.0,100.0
1653386153061529450,1547.0,100.0
1653386153156458961,1547.0,100.0
1653386153226932922,1547.0,100.0
1653386153320116655,1523.0,100.0
1653386153384478099,1523.0,100.0
1653386153482018086,1523.0,100.0
1653386153558764738,1523.0,100.0
1653386153640188081,1499.0,100.0
1653386153718860491,1499.0,100.0
1653386153798583599,1499.0,100.0
1653386153877938608,1499.0,100.0
1653386153958882756,1476.0,100.0
1653386154039652685,1476.0,100.0
1653386154119640421,1476.0,100.0
1653386154200991730,1476.0,100.0
1653386154293026127,1443.0,100.0
1653386154357584608,1443.0,100.0
1653386154453521735,1443.0,100.0
1653386154521136769,1443.0,100.0
1653386154616723019,1407.0,100.0
1653386154680736483,1407.0,100.0
1653386154775170670,1407.0,100.0
1653386154839364023,1407.0,100.0
1653386154934671759,1383.0,100.0
1653386155015454881,1383.0,100.0
1653386155096549855,1383.0,100.0
1653386155176097610,1383.0,100.0
1653386155254701505,1360.0,100.0
1653386155335869063,1360.0,100.0
1653386155418421817,1360.0,100.0
1653386155495044837,1360.0,100.0
1653386155593270829,1336.0,100.0
1653386155654854694,1336.0,100.0
1653386155752991676,1336.0,100.0
1653386155817337400,1336.0,100.0
1653386155914641033,1314.0,100.0
1653386155993414844,1314.0,100.0
1653386156073136489,1314.0,100.0
1653386156154833190,1314.0,100.0
1653386156235076905,1291.0,100.0
1653386156314890551,1291.0,100.0
1653386156391397249,1291.0,100.0
1653386156470414346,1291.0,100.0
1653386156551606521,1268.0,100.0
1653386156634596346,1268.0,100.0
1653386156711860930,1268.0,100.0
1653386156791639989,1268.0,100.0
1653386156889290567,1246.0,100.0
1653386156955215425,1246.0,100.0
1653386157050030452,1246.0,100.0
1653386157116642456,1246.0,100.0
1653386157210359512,1223.0,100.0
1653386157289259049,1223.0,100.0
1653386157368436348,1223.0,100.0
1653386157449038482,1223.0,100.0
1653386157529970602,1201.0,100.0
1653386157612301597,1201.0,100.0
1653386157689725482,1201.0,100.0
1653386157767216701,1201.0,100.0
1653386157847835400,1181.0,100.0
1653386157927164671,1181.0,100.0
1653386158011616656,1181.0,100.0
1653386158089203352,1181.0,100.0
1653386158169346722,1159.0,100.0
1653386158231848904,1159.0,100.0
1653386158334155502,1159.0,100.0
1653386158412893992,1159.0,100.0
1653386158508620224,1138.0,100.0
1653386158573021996,1138.0,100.0
1653386158667448640,1138.0,100.0
1653386158795414110,1118.0,100.0
1653386158858647088,1118.0,100.0
1653386158955624306,1118.0,100.0
1653386159085934966,1099.0,100.0
1653386159195857543,1099.0,100.0
1653386159276191324,1099.0,100.0
1653386159370747161,1079.0,100.0
1653386159434184926,1079.0,100.0
1653386159532688858,1079.0,100.0
1653386159594574222,1079.0,100.0
1653386159693464725,1059.0,100.0
1653386159751779943,1059.0,100.0
1653386159849547228,1059.0,100.0
1653386159914811716,1059.0,100.0
1653386160009068272,1041.0,100.0
1653386160090647931,1041.0,100.0
1653386160172153443,1041.0,100.0
1653386160248897414,1041.0,100.0
1653386160333234050,1021.0,100.0
1653386160411013085,1021.0,100.0
1653386160492907789,1021.0,100.0
1653386160569628488,1021.0,100.0
1653386160666747187,1004.0,100.0
1653386160782110292,1004.0,100.0
1653386160857578353,1004.0,100.0
1653386160952976897,987.0,100.0
1653386161022129574,987.0,100.0
1653386161111958777,987.0,100.0
1653386161227178358,969.0,100.0
1653386161308734846,969.0,100.0
1653386161384969429,969.0,100.0
1653386161454236559,969.0,100.0
1653386161561349453,952.0,100.0
1653386161626934469,952.0,100.0
1653386161723453965,952.0,100.0
1653386161801679633,937.0,100.0
1653386161885090388,937.0,100.0
1653386161949807998,937.0,100.0
1653386162044523545,921.0,100.0
1653386162125654283,921.0,100.0
1653386162201141730,921.0,100.0
1653386162285304460,921.0,100.0
1653386162365944276,906.0,100.0
1653386162442106575,906.0,100.0
1653386162522348314,906.0,100.0
1653386162604477385,906.0,100.0
1653386162684266933,891.0,100.0
1653386162765354231,891.0,100.0
1653386162846097299,891.0,100.0
1653386162920519109,891.0,100.0
1653386163021637555,877.0,100.0
1653386163086822730,877.0,100.0
1653386163165885357,877.0,100.0
1653386163244507145,877.0,100.0
1653386163338465786,864.0,100.0
1653386163401411110,864.0,100.0
1653386163498936326,864.0,100.0
1653386163567037471,864.0,100.0
1653386163659722204,851.0,100.0
1653386163727478342,851.0,100.0
1653386163821400499,851.0,100.0
1653386163882551134,851.0,100.0
1653386163979331172,839.0,100.0
1653386164059297568,839.0,100.0
1653386164139457367,839.0,100.0
1653386164219330366,839.0,100.0
1653386164300043289,826.0,100.0
1653386164382493144,826.0,100.0
1653386164460288013,826.0,100.0
1653386164541975531,826.0,100.0
1653386164637506660,814.0,100.0
1653386164703040002,814.0,100.0
1653386164797240020,814.0,100.0
1653386164858346015,814.0,100.0
1653386164960320724,803.0,100.0
1653386165046042849,803.0,100.0
1653386165116738010,803.0,100.0
1653386165184415709,803.0,100.0
1653386165280302617,792.0,100.0
1653386165358898811,792.0,100.0
1653386165437233204,792.0,100.0
1653386165515774116,792.0,100.0
1653386165597995610,781.0,100.0
1653386165678533425,781.0,100.0
1653386165755337050,781.0,100.0
1653386165836285664,781.0,100.0
1653386165916965566,771.0,100.0
1653386166000444591,771.0,100.0
1653386166076599593,771.0,100.0
1653386166157393817,771.0,100.0
1653386166253513575,762.0,100.0
1653386166318436376,762.0,100.0
1653386166414272439,762.0,100.0
1653386166478530551,762.0,100.0
1653386166571032445,752.0,100.0
1653386166637085401,752.0,100.0
1653386166733089009,752.0,100.0
1653386166796950042,752.0,100.0
1653386166894290498,744.0,100.0
1653386166975980624,744.0,100.0
1653386167055671139,744.0,100.0
1653386167119614230,744.0,100.0
1653386167212429322,736.0,100.0
1653386167294221294,736.0,100.0
1653386167372080879,736.0,100.0
1653386167458982874,736.0,100.0
1653386167536527466,728.0,100.0
1653386167615515759,728.0,100.0
1653386167696355054,728.0,100.0
1653386167772588523,728.0,100.0
1653386167857284148,721.0,100.0
1653386167931521192,721.0,100.0
1653386168017812405,721.0,100.0
1653386168092968785,721.0,100.0
1653386168190662991,714.0,100.0
1653386168253081284,714.0,100.0
1653386168349321241,714.0,100.0
1653386168412902391,714.0,100.0
1653386168512267459,707.0,100.0
1653386168588309084,707.0,100.0
1653386168669911639,707.0,100.0
1653386168749980722,707.0,100.0
1653386168831774670,701.0,100.0
1653386168910737759,701.0,100.0
1653386168988358526,701.0,100.0
1653386169071788560,701.0,100.0
1653386169152556809,696.0,100.0
1653386169230540367,696.0,100.0
1653386169313819641,696.0,100.0
1653386169394414336,696.0,100.0
1653386169485875456,691.0,100.0
1653386169598553225,691.0,100.0
1653386169680630017,691.0,100.0
1653386169775161254,686.0,100.0
1653386169839619222,686.0,100.0
1653386169936670453,686.0,100.0
1653386170060534509,682.0,100.0
1653386170126302029,682.0,100.0
1653386170219998742,682.0,100.0
1653386170289725381,682.0,100.0
1653386170383274770,677.0,100.0
1653386170450205233,677.0,100.0
1653386170542354969,677.0,100.0
1653386170610272510,677.0,100.0
1653386170706598170,674.0,100.0
1653386170786286288,674.0,100.0
1653386170864423481,674.0,100.0
1653386170942467499,674.0,100.0
1653386171024838399,671.0,100.0
1653386171105311088,671.0,100.0
1653386171184249012,671.0,100.0
1653386171262871689,671.0,100.0
1653386171347062105,668.0,100.0
1653386171423378110,668.0,100.0
1653386171506001768,668.0,100.0
1653386171583396128,668.0,100.0
1653386171682293011,665.0,100.0
1653386171790234818,665.0,100.0
1653386171870008534,665.0,100.0
1653386171966769999,663.0,100.0
1653386172031295488,663.0,100.0
1653386172125636901,663.0,100.0
1653386172193602841,663.0,100.0
1653386172290663634,661.0,100.0
1653386172367082181,661.0,100.0
1653386172446191090,661.0,100.0
1653386172511146393,661.0,100.0
1653386172611593534,660.0,100.0
1653386172688315229,660.0,100.0
1653386172770323320,660.0,100.0
1653386172847603172,660.0,100.0
1653386172927444628,658.0,100.0
1653386173009613004,658.0,100.0
1653386173085827161,658.0,100.0
1653386173170596678,658.0,100.0
1653386173248510742,657.0,100.0
1653386173331322995,657.0,100.0
1653386173407546374,657.0,100.0
1653386173494516540,657.0,100.0
1653386173568462651,656.0,100.0
1653386173650981438,656.0,100.0
1653386173728834975,656.0,100.0
1653386173809193751,656.0,100.0
1653386173904197344,655.0,100.0
1653386173970306793,655.0,100.0
1653386174064119589,655.0,100.0
1653386174127134644,655.0,100.0
1653386174225510205,654.0,100.0
1653386174306239054,654.0,100.0
1653386174386777285,654.0,100.0
1653386174463312758,654.0,100.0
1653386174549160335,654.0,100.0
1653386174627273462,654.0,100.0
1653386174705566844,654.0,100.0
1653386174785650457,654.0,100.0
1653386174879498107,653.0,100.0
1653386174948501862,653.0,100.0
1653386175040172598,653.0,100.0
1653386175103064190,653.0,100.0
1653386175202386680,653.0,100.0
1653386175278540362,653.0,100.0
1653386175360765899,653.0,100.0
1653386175425280184,653.0,100.0
1653386175520774249,653.0,100.0
1653386175598909127,653.0,100.0
1653386175682267283,653.0,100.0
1653386175748138104,653.0,100.0
1653386175843191753,652.0,100.0
1653386175921328244,652.0,100.0
1653386176001849835,652.0,100.0
1653386176083092205,652.0,100.0
1653386176161088440,652.0,100.0
1653386176242564525,652.0,100.0
1653386176322559191,652.0,100.0
1653386176402202516,652.0,100.0
1653386176483523002,652.0,100.0
1653386176563791697,652.0,100.0
1653386176658781099,652.0,100.0
1653386176720932096,652.0,100.0
1653386176817849390,653.0,100.0
1653386176879931819,653.0,100.0
1653386176980858245,653.0,100.0
1653386177043753163,653.0,100.0
1653386177137115468,653.0,100.0
1653386177217486576,653.0,100.0
1653386177296051475,653.0,100.0
1653386177378226234,653.0,100.0
1653386177458965749,654.0,100.0
1653386177539529655,654.0,100.0
1653386177619485196,654.0,100.0
1653386177699210140,654.0,100.0
1653386177791366130,654.0,100.0
1653386177861600057,654.0,100.0
1653386177954688079,654.0,100.0
1653386178020044969,654.0,100.0
1653386178117158019,654.0,100.0
1653386178181680585,654.0,100.0
1653386178273569970,654.0,100.0
1653386178342328453,654.0,100.0
1653386178434496671,657.0,100.0
1653386178501528570,657.0,100.0
1653386178598565586,657.0,100.0
1653386178723455284,658.0,100.0
1653386178785608535,658.0,100.0
1653386178885759395,658.0,100.0
1653386178947655037,658.0,100.0
1653386179044857237,659.0,100.0
1653386179123347209,659.0,100.0
1653386179200821253,659.0,100.0
1653386179271331510,659.0,100.0
1653386179361243410,661.0,100.0
1653386179442013476,661.0,100.0
1653386179524108273,661.0,100.0
1653386179601149850,661.0,100.0
1653386179685932158,662.0,100.0
1653386179766911799,662.0,100.0
1653386179841398490,662.0,100.0
1653386179927587426,662.0,100.0
1653386180024403287,662.0,100.0
1653386180084222789,662.0,100.0
1653386180179268172,662.0,100.0
1653386180246496688,662.0,100.0
1653386180338092000,664.0,100.0
1653386180419625958,664.0,100.0
1653386180498039721,664.0,100.0
1653386180579177237,664.0,100.0
1653386180662832942,666.0,100.0
1653386180741355650,666.0,100.0
1653386180818739144,666.0,100.0
1653386180899996245,666.0,100.0
1653386180982166964,667.0,100.0
1653386181062223494,667.0,100.0
1653386181157545153,667.0,100.0
1653386181222894567,667.0,100.0
1653386181317511079,669.0,100.0
1653386181383018069,669.0,100.0
1653386181475268413,669.0,100.0
1653386181538243464,669.0,100.0
1653386181634629861,671.0,100.0
1653386181718338082,671.0,100.0
1653386181795774516,671.0,100.0
1653386181873884909,671.0,100.0
1653386181954679654,671.0,100.0
1653386182038204524,671.0,100.0
1653386182116374511,671.0,100.0
1653386182195033974,671.0,100.0
1653386182277522417,673.0,100.0
1653386182358856499,673.0,100.0
1653386182451547334,673.0,100.0
1653386182518358483,673.0,100.0
1653386182614733269,675.0,100.0
1653386182674544123,675.0,100.0
1653386182770840103,675.0,100.0
1653386182835722101,675.0,100.0
1653386182930107620,676.0,100.0
1653386183012906332,676.0,100.0
1653386183096262490,676.0,100.0
1653386183174322712,676.0,100.0
1653386183254417014,678.0,100.0
1653386183332824588,678.0,100.0
1653386183414233214,678.0,100.0
1653386183496583259,678.0,100.0
1653386183589764019,680.0,100.0
1653386183652135317,680.0,100.0
1653386183748084932,680.0,100.0
1653386183813791201,680.0,100.0
1653386183906708944,682.0,100.0
1653386183974820362,682.0,100.0
1653386184071680136,682.0,100.0
1653386184135756362,682.0,100.0
1653386184228665739,684.0,100.0
1653386184311931413,684.0,100.0
1653386184390055977,684.0,100.0
1653386184468351693,684.0,100.0
1653386184551199742,688.0,100.0
1653386184628573697,688.0,100.0
1653386184709373851,688.0,100.0
1653386184791833127,688.0,100.0
1653386184869290491,689.0,100.0
1653386184949538547,689.0,100.0
1653386185031906329,689.0,100.0
1653386185110054350,689.0,100.0
1653386185206871045,691.0,100.0
1653386185320099441,691.0,100.0
1653386185400514252,691.0,100.0
1653386185492462350,694.0,100.0
1653386185557851611,694.0,100.0
1653386185655014178,694.0,100.0
1653386185718544612,694.0,100.0
1653386185813430084,696.0,100.0
1653386185877873968,696.0,100.0
1653386185973140234,696.0,100.0
1653386186039919923,696.0,100.0
1653386186136531945,698.0,100.0
1653386186212731106,698.0,100.0
1653386186292760750,698.0,100.0
1653386186376258759,698.0,100.0
1653386186455992761,702.0,100.0
1653386186534695567,702.0,100.0
1653386186616779648,702.0,100.0
1653386186696853538,702.0,100.0
1653386186787797814,704.0,100.0
1653386186856641747,704.0,100.0
1653386186948413469,704.0,100.0
1653386187017111980,704.0,100.0
1653386187111483612,708.0,100.0
1653386187176848409,708.0,100.0
1653386187269740755,708.0,100.0
1653386187331862829,708.0,100.0
1653386187429500870,711.0,100.0
1653386187496157736,711.0,100.0
1653386187590401952,711.0,100.0
1653386187653561860,711.0,100.0
1653386187749879260,714.0,100.0
1653386187817411244,714.0,100.0
1653386187911454470,714.0,100.0
1653386187977407909,714.0,100.0
1653386188072515736,717.0,100.0
1653386188152742413,717.0,100.0
1653386188232089970,717.0,100.0
1653386188297357060,717.0,100.0
1653386188389964543,721.0,100.0
1653386188471036229,721.0,100.0
1653386188550517797,721.0,100.0
1653386188627975426,721.0,100.0
1653386188712706030,724.0,100.0
1653386188792805856,724.0,100.0
1653386188874303534,724.0,100.0
1653386188950921118,724.0,100.0
1653386189034534698,728.0,100.0
1653386189113004973,728.0,100.0
1653386189194040191,728.0,100.0
1653386189271496309,728.0,100.0
1653386189367022162,732.0,100.0
1653386189431753811,732.0,100.0
1653386189528569499,732.0,100.0
1653386189591537676,732.0,100.0
1653386189689124169,735.0,100.0
1653386189767053781,735.0,100.0
1653386189848611228,735.0,100.0
1653386189928267886,735.0,100.0
1653386190008645133,738.0,100.0
1653386190090400232,738.0,100.0
1653386190166673328,738.0,100.0
1653386190251622998,738.0,100.0
1653386190330533344,742.0,100.0
1653386190409329325,742.0,100.0
1653386190488274462,742.0,100.0
1653386190568047155,742.0,100.0
1653386190646951221,746.0,100.0
1653386190727929085,746.0,100.0
1653386190810785981,746.0,100.0
1653386190889562226,746.0,100.0
1653386190984195730,749.0,100.0
1653386191049261985,749.0,100.0
1653386191145841509,749.0,100.0
1653386191208551718,749.0,100.0
1653386191305103963,753.0,100.0
1653386191385183341,753.0,100.0
1653386191464197995,753.0,100.0
1653386191546317036,753.0,100.0
1653386191626891820,757.0,100.0
1653386191706282697,757.0,100.0
1653386191783625199,757.0,100.0
1653386191867738900,757.0,100.0
1653386191947109725,761.0,100.0
1653386192027263753,761.0,100.0
1653386192104474520,761.0,100.0
1653386192170676442,761.0,100.0
1653386192280046155,765.0,100.0
1653386192345785210,765.0,100.0
1653386192442929353,765.0,100.0
1653386192524452763,770.0,100.0
1653386192600864679,770.0,100.0
1653386192680314787,770.0,100.0
1653386192760874056,774.0,100.0
1653386192845079536,774.0,100.0
1653386192923560132,774.0,100.0
1653386192999599131,774.0,100.0
1653386193097462976,778.0,100.0
1653386193161165432,778.0,100.0
1653386193258778321,778.0,100.0
1653386193387358102,781.0,100.0
1653386193500100409,781.0,100.0
1653386193575618854,781.0,100.0
1653386193672286175,784.0,100.0
1653386193785705879,784.0,100.0
1653386193866138376,784.0,100.0
1653386193958965848,787.0,100.0
1653386194026836234,787.0,100.0
1653386194121220584,787.0,100.0
1653386194183606106,787.0,100.0
1653386194282855413,791.0,100.0
1653386194345419385,791.0,100.0
1653386194443755902,791.0,100.0
1653386194507394252,791.0,100.0
1653386194601480629,795.0,100.0
1653386194682922658,795.0,100.0
1653386194764136893,795.0,100.0
1653386194843155933,795.0,100.0
1653386194923945095,798.0,100.0
1653386194999783426,798.0,100.0
1653386195083083531,798.0,100.0
1653386195162382443,798.0,100.0
1653386195244675310,801.0,100.0
1653386195324443381,801.0,100.0
1653386195401027699,801.0,100.0
1653386195482425899,801.0,100.0
1653386195564797027,805.0,100.0
1653386195643847774,805.0,100.0
1653386195723963583,805.0,100.0
1653386195804569386,805.0,100.0
1653386195896155503,808.0,100.0
1653386196011164769,808.0,100.0
1653386196093584083,808.0,100.0
1653386196189103552,812.0,100.0
1653386196297075018,812.0,100.0
1653386196378703668,812.0,100.0
1653386196473420656,815.0,100.0
1653386196537950230,815.0,100.0
1653386196636697806,815.0,100.0
1653386196697164080,815.0,100.0
1653386196795555113,817.0,100.0
1653386196862145737,817.0,100.0
1653386196951868928,817.0,100.0
1653386197021793783,817.0,100.0
1653386197116975775,820.0,100.0
1653386197178970414,820.0,100.0
1653386197276835823,820.0,100.0
1653386197354859357,820.0,100.0
1653386197433435059,823.0,100.0
1653386197519373505,823.0,100.0
1653386197593595835,823.0,100.0
1653386197677233471,823.0,100.0
1653386197755755728,825.0,100.0
1653386197836602040,825.0,100.0
1653386197918768484,825.0,100.0
1653386197995949283,825.0,100.0
1653386198094585303,827.0,100.0
1653386198157932534,827.0,100.0
1653386198252126163,827.0,100.0
1653386198314934778,827.0,100.0
1653386198411359899,829.0,100.0
1653386198479550908,829.0,100.0
1653386198573107989,829.0,100.0
1653386198636773326,829.0,100.0
1653386198730851415,833.0,100.0
1653386198811783031,833.0,100.0
1653386198891271035,833.0,100.0
1653386198969844004,833.0,100.0
1653386199051778947,840.0,100.0
1653386199133563134,840.0,100.0
1653386199213068828,840.0,100.0
1653386199295387932,840.0,100.0
1653386199373449598,851.0,100.0
1653386199450322553,851.0,100.0
1653386199530888692,851.0,100.0
1653386199612004612,851.0,100.0
1653386199705886406,864.0,100.0
1653386199774235012,864.0,100.0
1653386199870097235,864.0,100.0
1653386199994698889,877.0,100.0
1653386200063908229,877.0,100.0
1653386200153471268,877.0,100.0
1653386200220767671,877.0,100.0
1653386200318592378,893.0,100.0
1653386200382880230,893.0,100.0
1653386200475970310,893.0,100.0
1653386200539416003,893.0,100.0
1653386200636843537,908.0,100.0
1653386200701826263,908.0,100.0
1653386200796515302,908.0,100.0
1653386200860919316,908.0,100.0
1653386200956177971,924.0,100.0
1653386201037530664,924.0,100.0
1653386201115217068,924.0,100.0
1653386201197493401,924.0,100.0
1653386201276529638,941.0,100.0
1653386201356521264,941.0,100.0
1653386201437271813,941.0,100.0
1653386201516310221,941.0,100.0
1653386201599238122,958.0,100.0
1653386201677137018,958.0,100.0
1653386201757859970,958.0,100.0
1653386201838642854,958.0,100.0
1653386201931930758,975.0,100.0
1653386201999961780,975.0,100.0
1653386202094632802,975.0,100.0
1653386202159204345,975.0,100.0
1653386202252938815,994.0,100.0
1653386202317720285,994.0,100.0
1653386202413463302,994.0,100.0
1653386202478778613,994.0,100.0
1653386202575393043,1012.0,100.0
1653386202652601993,1012.0,100.0
1653386202733928751,1012.0,100.0
1653386202800094913,1012.0,100.0
1653386202894870135,1030.0,100.0
1653386202974654760,1030.0,100.0
1653386203053953566,1030.0,100.0
1653386203132156949,1030.0,100.0
1653386203213022675,1049.0,100.0
1653386203295142122,1049.0,100.0
1653386203373520377,1049.0,100.0
1653386203454558081,1049.0,100.0
1653386203549034762,1068.0,100.0
1653386203612544597,1068.0,100.0
1653386203710289234,1068.0,100.0
1653386203772689262,1068.0,100.0
1653386203871736254,1086.0,100.0
1653386203949998952,1086.0,100.0
1653386204030844692,1086.0,100.0
1653386204095490338,1086.0,100.0
1653386204190866333,1105.0,100.0
1653386204273433713,1105.0,100.0
1653386204348332427,1105.0,100.0
1653386204414339575,1105.0,100.0
1653386204513055957,1124.0,100.0
1653386204592173925,1124.0,100.0
1653386204669854958,1124.0,100.0
1653386204749494973,1124.0,100.0
1653386204829722273,1142.0,100.0
1653386204912966661,1142.0,100.0
1653386204994791005,1142.0,100.0
1653386205071532621,1142.0,100.0
1653386205153014229,1158.0,100.0
1653386205233482799,1158.0,100.0
1653386205312072072,1158.0,100.0
1653386205389477307,1158.0,100.0
1653386205470387680,1171.0,100.0
1653386205548926551,1171.0,100.0
1653386205633616017,1171.0,100.0
1653386205710675810,1171.0,100.0
1653386205808142004,1181.0,100.0
1653386205870324908,1181.0,100.0
1653386205966232405,1181.0,100.0
1653386206034782436,1181.0,100.0
1653386206128670031,1191.0,100.0
1653386206191116617,1191.0,100.0
1653386206289243007,1191.0,100.0
1653386206349976673,1191.0,100.0
1653386206448260470,1200.0,100.0
1653386206527730563,1200.0,100.0
1653386206609290625,1200.0,100.0
1653386206670793635,1200.0,100.0
1653386206766891316,1206.0,100.0
1653386206847769674,1206.0,100.0
1653386206929678331,1206.0,100.0
1653386207008407682,1206.0,100.0
1653386207091738676,1213.0,100.0
1653386207170455425,1213.0,100.0
1653386207247644886,1213.0,100.0
1653386207325801241,1213.0,100.0
1653386207421304664,1218.0,100.0
1653386207489733828,1218.0,100.0
1653386207582221704,1218.0,100.0
1653386207648741124,1218.0,100.0
1653386207743827959,1221.0,100.0
1653386207809179216,1221.0,100.0
1653386207906016689,1221.0,100.0
1653386207978023265,1221.0,100.0
1653386208069351225,1225.0,100.0
1653386208145805978,1225.0,100.0
1653386208226063164,1225.0,100.0
1653386208292704914,1225.0,100.0
1653386208385463827,1226.0,100.0
1653386208465457919,1226.0,100.0
1653386208546169106,1226.0,100.0
1653386208626899138,1226.0,100.0
1653386208710259375,1226.0,100.0
1653386208785844691,1226.0,100.0
1653386208863305769,1226.0,100.0
1653386208946285898,1226.0,100.0
1653386209041675683,1227.0,100.0
1653386209106495172,1227.0,100.0
1653386209199158557,1227.0,100.0
1653386209264139644,1227.0,100.0
1653386209364071088,1226.0,100.0
1653386209422929335,1226.0,100.0
1653386209523373618,1226.0,100.0
1653386209584005737,1226.0,100.0
1653386209682949152,1225.0,100.0
1653386209759448224,1225.0,100.0
1653386209843721953,1225.0,100.0
1653386209921085218,1225.0,100.0
1653386209999608040,1223.0,100.0
1653386210081816680,1223.0,100.0
1653386210162696664,1223.0,100.0
1653386210239101362,1223.0,100.0
1653386210319563058,1222.0,100.0
1653386210406130499,1222.0,100.0
1653386210482334830,1222.0,100.0
1653386210563329563,1222.0,100.0
1653386210658020887,1219.0,100.0
1653386210723112723,1219.0,100.0
1653386210818391947,1219.0,100.0
1653386210947412113,1216.0,100.0
1653386211073918431,1216.0,100.0
1653386211202249279,1212.0,100.0
1653386211264354800,1212.0,100.0
1653386211346642195,1212.0,100.0
1653386211428113291,1212.0,100.0
1653386211520828005,1207.0,100.0
1653386211587704838,1207.0,100.0
1653386211684452015,1207.0,100.0
1653386211748527026,1207.0,100.0
1653386211843809443,1203.0,100.0
1653386211923142826,1203.0,100.0
1653386212003921648,1203.0,100.0
1653386212066707769,1203.0,100.0
1653386212162288977,1198.0,100.0
1653386212243745655,1198.0,100.0
1653386212324744580,1198.0,100.0
1653386212403503598,1198.0,100.0
1653386212481883740,1191.0,100.0
1653386212562097955,1191.0,100.0
1653386212645399589,1191.0,100.0
1653386212724612829,1191.0,100.0
1653386212821640209,1185.0,100.0
1653386212931933318,1185.0,100.0
1653386213011341290,1185.0,100.0
1653386213104383280,1179.0,100.0
1653386213174464726,1179.0,100.0
1653386213251630438,1179.0,100.0
1653386213330414245,1179.0,100.0
1653386213427931903,1172.0,100.0
1653386213492860836,1172.0,100.0
1653386213584988226,1172.0,100.0
1653386213653234146,1172.0,100.0
1653386213750718378,1165.0,100.0
1653386213858104510,1165.0,100.0
1653386213939672873,1165.0,100.0
1653386214036154051,1158.0,100.0
1653386214098569023,1158.0,100.0
1653386214195307104,1158.0,100.0
1653386214261997775,1158.0,100.0
1653386214358686717,1150.0,100.0
1653386214420675397,1150.0,100.0
1653386214517140248,1150.0,100.0
1653386214581701759,1150.0,100.0
1653386214674361132,1143.0,100.0
1653386214755019459,1143.0,100.0
1653386214833743288,1143.0,100.0
1653386214913433444,1143.0,100.0
1653386214995003503,1136.0,100.0
1653386215075377055,1136.0,100.0
1653386215152908430,1136.0,100.0
1653386215232944237,1136.0,100.0
1653386215333779131,1127.0,100.0
1653386215446298450,1127.0,100.0
1653386215525846734,1127.0,100.0
1653386215623526906,1119.0,100.0
1653386215734563987,1119.0,100.0
1653386215814568074,1119.0,100.0
1653386215905986478,1112.0,100.0
1653386216020767985,1112.0,100.0
1653386216100109219,1112.0,100.0
1653386216194303808,1104.0,100.0
1653386216261002158,1104.0,100.0
1653386216357298657,1104.0,100.0
1653386216420840628,1104.0,100.0
1653386216519435920,1095.0,100.0
1653386216583425169,1095.0,100.0
1653386216677507623,1095.0,100.0
1653386216738389539,1095.0,100.0
1653386216836975080,1090.0,100.0
1653386216904441000,1090.0,100.0
1653386216999435267,1090.0,100.0
1653386217126760961,1082.0,100.0
1653386217190549838,1082.0,100.0
1653386217287602381,1082.0,100.0
1653386217412270252,1073.0,100.0
1653386217494308779,1073.0,100.0
1653386217576458337,1073.0,100.0
1653386217654062511,1073.0,100.0
1653386217735402906,1064.0,100.0
1653386217812602637,1064.0,100.0
1653386217893548379,1064.0,100.0
1653386217976991632,1064.0,100.0
1653386218069881330,1055.0,100.0
1653386218132637807,1055.0,100.0
1653386218229673443,1055.0,100.0
1653386218355261226,1046.0,100.0
1653386218418554177,1046.0,100.0
1653386218515845247,1046.0,100.0
1653386218583822646,1046.0,100.0
1653386218676351326,1038.0,100.0
1653386218756544956,1038.0,100.0
1653386218839341303,1038.0,100.0
1653386218919564960,1038.0,100.0
1653386218998082592,1029.0,100.0
1653386219075279528,1029.0,100.0
1653386219159553175,1029.0,100.0
1653386219235656061,1029.0,100.0
1653386219324545420,1020.0,100.0
1653386219397323485,1020.0,100.0
1653386219476534592,1020.0,100.0
1653386219558734898,1020.0,100.0
1653386219642251087,1011.0,100.0
1653386219720187559,1011.0,100.0
1653386219801368514,1011.0,100.0
1653386219877293747,1011.0,100.0
1653386219972746633,1003.0,100.0
1653386220036807561,1003.0,100.0
1653386220132438443,1003.0,100.0
1653386220196919330,1003.0,100.0
1653386220294400592,994.0,100.0
1653386220375515773,994.0,100.0
1653386220454508275,994.0,100.0
1653386220533376063,994.0,100.0
1653386220614819364,986.0,100.0
1653386220692297823,986.0,100.0
1653386220774861356,986.0,100.0
1653386220854434484,986.0,100.0
1653386220950680788,977.0,100.0
1653386221015662720,977.0,100.0
1653386221113631374,977.0,100.0
1653386221236818675,969.0,100.0
1653386221301856520,969.0,100.0
1653386221397342277,969.0,100.0
1653386221464353787,969.0,100.0
1653386221559418262,960.0,100.0
1653386221627021806,960.0,100.0
1653386221720986374,960.0,100.0
1653386221847190457,951.0,100.0
1653386221913868200,951.0,100.0
1653386222004898255,951.0,100.0
1653386222069690249,951.0,100.0
1653386222165702674,941.0,100.0
1653386222247168903,941.0,100.0
1653386222325486657,941.0,100.0
1653386222407665824,941.0,100.0
1653386222486245621,931.0,100.0
1653386222566536017,931.0,100.0
1653386222649722787,931.0,100.0
1653386222727861153,931.0,100.0
1653386222820577143,922.0,100.0
1653386222888819955,922.0,100.0
1653386222985240200,922.0,100.0
1653386223112738572,911.0,100.0
1653386223177750099,911.0,100.0
1653386223273439112,911.0,100.0
1653386223336869666,911.0,100.0
1653386223429171969,902.0,100.0
1653386223512098756,902.0,100.0
1653386223590426410,902.0,100.0
1653386223669866926,902.0,100.0
1653386223753410146,894.0,100.0
1653386223835352768,894.0,100.0
1653386223915897980,894.0,100.0
1653386223989705895,894.0,100.0
1653386224074517085,887.0,100.0
1653386224152948853,887.0,100.0
1653386224234436040,887.0,100.0
1653386224312886066,887.0,100.0
1653386224409345124,879.0,100.0
1653386224472958145,879.0,100.0
1653386224555165478,879.0,100.0
1653386224634989358,879.0,100.0
1653386224730150796,871.0,100.0
1653386224838898149,871.0,100.0
1653386224919750378,871.0,100.0
1653386225013958332,864.0,100.0
1653386225081831797,864.0,100.0
1653386225162269995,864.0,100.0
1653386225239209097,864.0,100.0
1653386225337155984,856.0,100.0
1653386225402219637,856.0,100.0
1653386225497219308,856.0,100.0
1653386225559328323,856.0,100.0
1653386225655776351,848.0,100.0
1653386225738201101,848.0,100.0
1653386225817321918,848.0,100.0
1653386225896244414,848.0,100.0
1653386225976697790,841.0,100.0
1653386226056192419,841.0,100.0
1653386226138740929,841.0,100.0
1653386226217318232,841.0,100.0
1653386226297789538,834.0,100.0
1653386226378318543,834.0,100.0
1653386226455578476,834.0,100.0
1653386226537005992,834.0,100.0
1653386226634683034,826.0,100.0
1653386226698662001,826.0,100.0
1653386226795558722,826.0,100.0
1653386226855323443,826.0,100.0
1653386226953853650,820.0,100.0
1653386227035855792,820.0,100.0
1653386227113947336,820.0,100.0
1653386227192060902,820.0,100.0
1653386227273862105,813.0,100.0
1653386227353476255,813.0,100.0
1653386227431344557,813.0,100.0
1653386227512365168,813.0,100.0
1653386227594697908,807.0,100.0
1653386227675593572,807.0,100.0
1653386227753970817,807.0,100.0
1653386227836475313,807.0,100.0
1653386227917213302,801.0,100.0
1653386227994603600,801.0,100.0
1653386228074450115,801.0,100.0
1653386228154521261,801.0,100.0
1653386228252191598,796.0,100.0
1653386228361878284,796.0,100.0
1653386228441934189,796.0,100.0
1653386228538642603,791.0,100.0
1653386228603765831,791.0,100.0
1653386228698859885,791.0,100.0
1653386228762015646,791.0,100.0
1653386228860644714,787.0,100.0
1653386228937942352,787.0,100.0
1653386229018637421,787.0,100.0
1653386229100012222,787.0,100.0
1653386229178052561,782.0,100.0
1653386229261466617,782.0,100.0
1653386229340156671,782.0,100.0
1653386229419900299,782.0,100.0
1653386229498430507,777.0,100.0
1653386229580129553,777.0,100.0
1653386229660975786,777.0,100.0
1653386229736654876,777.0,100.0
1653386229835854493,773.0,100.0
1653386229900245653,773.0,100.0
1653386229993458139,773.0,100.0
1653386230059099429,773.0,100.0
1653386230154863713,769.0,100.0
1653386230220208211,769.0,100.0
1653386230313498359,769.0,100.0
1653386230381705773,769.0,100.0
1653386230475847951,766.0,100.0
1653386230538669740,766.0,100.0
1653386230632535648,766.0,100.0
1653386230699005905,766.0,100.0
1653386230794246123,762.0,100.0
1653386230873598862,762.0,100.0
1653386230954622567,762.0,100.0
1653386231036397895,762.0,100.0
1653386231113466373,758.0,100.0
1653386231192726511,758.0,100.0
1653386231275136161,758.0,100.0
1653386231355123680,758.0,100.0
1653386231435559732,755.0,100.0
1653386231517953013,755.0,100.0
1653386231595410988,755.0,100.0
1653386231678302287,755.0,100.0
1653386231758358938,753.0,100.0
1653386231838555517,753.0,100.0
1653386231914282815,753.0,100.0
1653386231982256041,753.0,100.0
1653386232090138272,752.0,100.0
1653386232159633124,752.0,100.0
1653386232250539174,752.0,100.0
1653386232315420542,753.0,100.0
1653386232410715614,753.0,100.0
1653386232474995605,753.0,100.0
1653386232572231118,756.0,100.0
1653386232651260622,756.0,100.0
1653386232732630910,756.0,100.0
1653386232813446998,756.0,100.0
1653386232892508238,748.0,100.0
1653386232970007519,748.0,100.0
1653386233052275256,748.0,100.0
1653386233134145484,748.0,100.0
1653386233213068406,757.0,100.0
1653386233295063082,757.0,100.0
1653386233375059191,757.0,100.0
1653386233452603915,757.0,100.0
1653386233531507439,771.0,100.0
1653386233612958562,771.0,100.0
1653386233694531595,771.0,100.0
1653386233772207533,771.0,100.0
1653386233868575686,789.0,100.0
1653386233935977452,789.0,100.0
1653386234027165189,789.0,100.0
1653386234092870261,789.0,100.0
1653386234187261802,811.0,100.0
1653386234253323615,811.0,100.0
1653386234347469532,811.0,100.0
1653386234411708718,811.0,100.0
1653386234510445843,835.0,100.0
1653386234589505470,835.0,100.0
1653386234669501102,835.0,100.0
1653386234746349704,835.0,100.0
1653386234830758766,850.0,100.0
1653386234912499218,850.0,100.0
1653386234987464248,850.0,100.0
1653386235069601098,850.0,100.0
1653386235147348185,858.0,100.0
1653386235232630286,858.0,100.0
1653386235308809487,858.0,100.0
1653386235389802095,858.0,100.0
1653386235469547752,882.0,100.0
1653386235549198051,882.0,100.0
1653386235635269273,882.0,100.0
1653386235711707824,882.0,100.0
1653386235806012365,909.0,96.0
1653386235870468846,909.0,96.0
1653386235956211702,909.0,96.0
1653386236029212183,909.0,96.0
1653386236125404692,932.0,96.0
1653386236189346612,932.0,96.0
1653386236288873954,932.0,96.0
1653386236350711484,932.0,96.0
1653386236445068654,943.0,91.0
1653386236525871420,943.0,91.0
1653386236607477185,943.0,91.0
1653386236684213904,943.0,91.0
1653386236768085618,966.0,91.0
1653386236845129131,966.0,91.0
1653386236927372902,966.0,91.0
1653386237006594219,966.0,91.0
1653386237087265081,1002.0,91.0
1653386237167670731,1002.0,91.0
1653386237259784706,1002.0,91.0
1653386237327642558,1002.0,91.0
1653386237421476505,1034.0,91.0
1653386237490120146,1034.0,91.0
1653386237582897918,1034.0,91.0
1653386237647579953,1034.0,91.0
1653386237745387461,1067.0,91.0
1653386237823587632,1067.0,91.0
1653386237902345888,1067.0,91.0
1653386237968128524,1067.0,91.0
1653386238063071986,1101.0,91.0
1653386238143122862,1101.0,91.0
1653386238224317102,1101.0,91.0
1653386238302887001,1101.0,91.0
1653386238384581488,1136.0,91.0
1653386238463493492,1136.0,91.0
1653386238543310598,1136.0,91.0
1653386238619772187,1136.0,91.0
1653386238703637576,1178.0,91.0
1653386238784597931,1178.0,91.0
1653386238865260341,1178.0,91.0
1653386238941417983,1178.0,91.0
1653386239022106588,1214.0,90.0
1653386239106320425,1214.0,90.0
1653386239186098491,1214.0,90.0
1653386239265733011,1214.0,90.0
1653386239357505998,1234.0,90.0
1653386239423529783,1234.0,90.0
1653386239522205784,1234.0,90.0
1653386239648531635,1250.0,87.0
1653386239712616356,1923.0,100.0
1653386239809612024,1923.0,100.0
1653386239871509907,1923.0,100.0
1653386239969199649,1935.0,100.0
1653386240045406880,1935.0,100.0
1653386240130075972,1935.0,100.0
1653386240207015952,1935.0,100.0
1653386240289103036,1951.0,100.0
1653386240370909057,1951.0,100.0
1653386240446287392,1951.0,100.0
1653386240525739054,1951.0,100.0
1653386240623582779,1956.0,100.0
1653386240685951745,1956.0,100.0
1653386240772711361,1956.0,100.0
1653386240846624259,1956.0,100.0
1653386240943444948,1961.0,96.0
1653386241009017518,1961.0,96.0
1653386241103712114,1961.0,96.0
1653386241216994633,1968.0,96.0
1653386241294761150,1968.0,96.0
1653386241378633482,1968.0,96.0
1653386241454156242,1968.0,96.0
1653386241553742857,1957.0,96.0
1653386241665593103,1957.0,96.0
1653386241743156204,1957.0,96.0
1653386241841291754,1962.0,96.0
1653386241951941995,1962.0,96.0
1653386242032221065,1962.0,96.0
1653386242114130959,1954.0,96.0
1653386242198074124,1954.0,96.0
1653386242275744211,1954.0,96.0
1653386242353699991,1954.0,96.0
1653386242430424918,1956.0,96.0
1653386242516336626,1956.0,96.0
1653386242596737086,1956.0,96.0
1653386242672003118,1956.0,96.0
1653386242771340432,1865.0,93.0
1653386242882164128,1865.0,93.0
1653386242961282536,1865.0,93.0
1653386243041997076,1854.0,77.0
1653386243120306739,1854.0,77.0
1653386243204366681,1854.0,77.0
1653386243280311083,1854.0,77.0
1653386243379141366,2167.0,60.0
1653386243442592885,2167.0,60.0
1653386243539728687,2167.0,60.0
1653386243600332515,2167.0,60.0
1653386243697634797,2364.0,42.0
1653386243764007699,2364.0,42.0
1653386243858455341,2364.0,42.0
1653386243921748209,2364.0,42.0
1653386244016427606,2411.0,42.0
1653386244082704658,2411.0,42.0
1653386244177004394,2411.0,42.0
1653386244240579720,2411.0,42.0
1653386244336653334,2430.0,52.0
1653386244418185666,2430.0,52.0
1653386244496783892,2430.0,52.0
1653386244564087271,2430.0,52.0
1653386244655514418,2510.0,48.0
1653386244738330294,2510.0,48.0
1653386244820830007,2510.0,48.0
1653386244900059102,2510.0,48.0
1653386244995507588,2569.0,46.0
1653386245107434660,2569.0,46.0
1653386245189788655,2569.0,46.0
1653386245267920855,2662.0,41.0
1653386245347449324,2662.0,41.0
1653386245424716749,2662.0,41.0
1653386245509008053,2662.0,41.0
1653386245602769475,2681.0,31.0
1653386245718345230,2681.0,31.0
1653386245795538821,2681.0,31.0
1653386245877014004,2753.0,19.0
1653386245957226355,2753.0,19.0
1653386246033400991,2753.0,19.0
1653386246113603917,2753.0,19.0
1653386246209964932,2824.0,10.0
1653386246274615134,2824.0,10.0
1653386246353887859,2824.0,10.0
1653386246434797583,2824.0,10.0
1653386246531050666,2852.0,0.0
1653386246597578515,2852.0,0.0
1653386246690539064,2852.0,0.0
1653386246753919462,2852.0,0.0
1653386246853992435,2759.0,11.0
1653386246932610572,2759.0,11.0
1653386247011601439,2759.0,11.0
1653386247093064797,2759.0,11.0
1653386247189169153,2935.0,0.0
1653386247298300152,2935.0,0.0
1653386247378487333,2935.0,0.0
1653386247472935651,2962.0,0.0
1653386247538832007,2962.0,0.0
1653386247634035136,2962.0,0.0
1653386247702864519,2962.0,0.0
1653386247794844444,2989.0,0.0
1653386247877882768,2989.0,0.0
1653386247956238349,2989.0,0.0
1653386248019675304,2989.0,0.0
1653386248118832127,2986.0,11.0
1653386248196299609,2986.0,11.0
1653386248274324174,2986.0,11.0
1653386248357709805,2986.0,11.0
1653386248438123385,2968.0,22.0
1653386248515294275,2968.0,22.0
1653386248597734515,2968.0,22.0
1653386248674918212,2968.0,22.0
1653386248768895703,3010.0,22.0
1653386248837052819,3010.0,22.0
1653386248930426805,3010.0,22.0
1653386248997046060,3010.0,22.0
1653386249090691949,2996.0,22.0
1653386249172200786,2996.0,22.0
1653386249249500817,2996.0,22.0
1653386249316489159,2996.0,22.0
1653386249411949227,2982.0,22.0
1653386249494815721,2982.0,22.0
1653386249572301431,2982.0,22.0
1653386249655171545,2982.0,22.0
1653386249748109218,2968.0,22.0
1653386249814361226,2968.0,22.0
1653386249906206205,2968.0,22.0
1653386249970606879,2968.0,22.0
1653386250068941626,3321.0,0.0
1653386250133468773,3321.0,0.0
1653386250228072564,3321.0,0.0
1653386250292072378,3321.0,0.0
1653386250386910120,3365.0,0.0
1653386250467120952,3365.0,0.0
1653386250549979996,3365.0,0.0
